{"with sidetrip and detour": {"1": 100.0, "2": 1.1574074074074074}, "with sidetrip": {"1": 100.0, "2": 0.0}, "with detour": {"1": 100.0, "2": 1.1574074074074074}}