{"with sidetrip and detour": {"1": 100.0, "2": 0.228310502283105}, "with sidetrip": {"1": 100.0, "2": 0.0}, "with detour": {"1": 100.0, "2": 0.228310502283105}}